{
  "best_global_step": null,
  "best_metric": null,
  "best_model_checkpoint": null,
  "epoch": 0.9887640449438202,
  "eval_steps": 500,
  "global_step": 44,
  "is_hyper_param_search": false,
  "is_local_process_zero": true,
  "is_world_process_zero": true,
  "log_history": [
    {
      "epoch": 0.2247191011235955,
      "grad_norm": 4888.3720703125,
      "learning_rate": 0.00018636363636363636,
      "loss": 0.3462,
      "step": 10
    },
    {
      "epoch": 0.449438202247191,
      "grad_norm": 4657.2978515625,
      "learning_rate": 0.00017121212121212122,
      "loss": 0.3218,
      "step": 20
    },
    {
      "epoch": 0.6741573033707865,
      "grad_norm": 4487.57470703125,
      "learning_rate": 0.00015606060606060607,
      "loss": 0.3083,
      "step": 30
    },
    {
      "epoch": 0.898876404494382,
      "grad_norm": 4112.6416015625,
      "learning_rate": 0.00014090909090909093,
      "loss": 0.2985,
      "step": 40
    }
  ],
  "logging_steps": 10,
  "max_steps": 132,
  "num_input_tokens_seen": 0,
  "num_train_epochs": 3,
  "save_steps": 500,
  "stateful_callbacks": {
    "TrainerControl": {
      "args": {
        "should_epoch_stop": false,
        "should_evaluate": false,
        "should_log": false,
        "should_save": true,
        "should_training_stop": false
      },
      "attributes": {}
    }
  },
  "total_flos": 2.5144377458294784e+16,
  "train_batch_size": 16,
  "trial_name": null,
  "trial_params": null
}
